Owner Name,Property Address,City,State,ZIP
David Martinez,2393 Lake Underhill Rd,Orlando,FL,32804
Patricia Johnson,5420 Curry Ford Rd,Orlando,FL,32804
Susan Smith,580 W Church St,Orlando,FL,32803
Robert Lee,8681 E Central Blvd,Orlando,FL,32809
Patricia Jones,5138 N Orange Ave,Orlando,FL,32808
Patricia Jones,5731 Curry Ford Rd,Orlando,FL,32801
James Jones,1845 E South St,Orlando,FL,32801
John Williams,3115 E South St,Orlando,FL,32806
James Williams,2667 W Colonial Dr,Orlando,FL,32803
James Lee,1548 W Church St,Orlando,FL,32801
Robert Jones,6025 N Orange Ave,Orlando,FL,32806
John Johnson,760 W Colonial Dr,Orlando,FL,32808
Maria Lee,9205 Curry Ford Rd,Orlando,FL,32801
Robert Lee,6176 N Orange Ave,Orlando,FL,32801
David Martinez,7371 W Church St,Orlando,FL,32808
Patricia Williams,7865 E Central Blvd,Orlando,FL,32808
John Brown,5100 Kaley Ave,Orlando,FL,32804
David Garcia,1922 Lake Underhill Rd,Orlando,FL,32805
Robert Williams,8900 Semoran Blvd,Orlando,FL,32805
James Martinez,7365 W Church St,Orlando,FL,32806
David Martinez,225 Curry Ford Rd,Orlando,FL,32808
Patricia Smith,1069 Curry Ford Rd,Orlando,FL,32803
David Garcia,9479 Kaley Ave,Orlando,FL,32807
Robert Williams,3528 W Church St,Orlando,FL,32807
James Martinez,6573 E South St,Orlando,FL,32808
Linda Garcia,1303 S Bumby Ave,Orlando,FL,32812
David Williams,7677 E Central Blvd,Orlando,FL,32803
David Smith,3533 W Church St,Orlando,FL,32805
Linda Williams,212 E Central Blvd,Orlando,FL,32808
Linda Jones,3103 W Colonial Dr,Orlando,FL,32809
Linda Smith,9670 S Bumby Ave,Orlando,FL,32808
Linda Johnson,2368 E South St,Orlando,FL,32801
James Johnson,8073 E Central Blvd,Orlando,FL,32804
James Williams,2582 E Central Blvd,Orlando,FL,32808
Susan Garcia,1724 Lake Underhill Rd,Orlando,FL,32809
James Lee,6991 Semoran Blvd,Orlando,FL,32808
Robert Brown,7286 W Colonial Dr,Orlando,FL,32812
Patricia Williams,6339 E Central Blvd,Orlando,FL,32805
James Smith,5609 Lake Underhill Rd,Orlando,FL,32812
Linda Lee,6608 Lake Underhill Rd,Orlando,FL,32807
Robert Brown,3884 Curry Ford Rd,Orlando,FL,32803
David Martinez,7056 W Colonial Dr,Orlando,FL,32812
Maria Williams,9395 Lake Underhill Rd,Orlando,FL,32804
Robert Johnson,3529 Curry Ford Rd,Orlando,FL,32801
Susan Martinez,4033 Curry Ford Rd,Orlando,FL,32809
David Williams,5296 W Church St,Orlando,FL,32809
Susan Jones,1629 Lake Underhill Rd,Orlando,FL,32805
Susan Martinez,3239 Semoran Blvd,Orlando,FL,32809
John Martinez,9460 S Bumby Ave,Orlando,FL,32809
Maria Johnson,4334 E South St,Orlando,FL,32805
Linda Martinez,2642 S Bumby Ave,Orlando,FL,32809
John Lee,8652 W Colonial Dr,Orlando,FL,32807
Susan Williams,7581 E South St,Orlando,FL,32804
Susan Martinez,1040 Kaley Ave,Orlando,FL,32801
Robert Lee,6048 Kaley Ave,Orlando,FL,32806
Maria Martinez,2408 W Colonial Dr,Orlando,FL,32806
Patricia Brown,2555 Curry Ford Rd,Orlando,FL,32809
Maria Martinez,2229 Kaley Ave,Orlando,FL,32804
Linda Williams,1971 E South St,Orlando,FL,32807
Patricia Martinez,6747 Curry Ford Rd,Orlando,FL,32804
David Johnson,1523 N Orange Ave,Orlando,FL,32805
Linda Williams,9812 E Central Blvd,Orlando,FL,32809
Maria Brown,2138 E South St,Orlando,FL,32805
Linda Martinez,6180 E Central Blvd,Orlando,FL,32809
Maria Brown,1128 W Church St,Orlando,FL,32804
Robert Garcia,296 N Orange Ave,Orlando,FL,32803
David Garcia,8169 W Colonial Dr,Orlando,FL,32804
John Garcia,9440 N Orange Ave,Orlando,FL,32807
John Martinez,6723 W Church St,Orlando,FL,32803
Linda Smith,4722 E Central Blvd,Orlando,FL,32806
James Johnson,5818 E Central Blvd,Orlando,FL,32804
David Smith,2939 W Colonial Dr,Orlando,FL,32805
Linda Jones,5233 Semoran Blvd,Orlando,FL,32801
Patricia Lee,8509 Semoran Blvd,Orlando,FL,32807
Maria Williams,5428 Semoran Blvd,Orlando,FL,32808
David Smith,6474 Lake Underhill Rd,Orlando,FL,32807
John Martinez,5249 E Central Blvd,Orlando,FL,32808
David Martinez,6835 N Orange Ave,Orlando,FL,32801
Patricia Brown,8952 E South St,Orlando,FL,32808
Maria Martinez,6314 N Orange Ave,Orlando,FL,32804
James Smith,1565 S Bumby Ave,Orlando,FL,32801
Patricia Brown,397 S Bumby Ave,Orlando,FL,32809
John Garcia,6110 E Central Blvd,Orlando,FL,32808
James Johnson,6163 W Church St,Orlando,FL,32804
Susan Brown,5043 Semoran Blvd,Orlando,FL,32807
Susan Brown,9756 N Orange Ave,Orlando,FL,32803
Patricia Garcia,9459 N Orange Ave,Orlando,FL,32804
James Lee,7133 W Colonial Dr,Orlando,FL,32807
Robert Williams,4327 Curry Ford Rd,Orlando,FL,32812
Susan Lee,9435 E Central Blvd,Orlando,FL,32812
John Brown,8075 S Bumby Ave,Orlando,FL,32807
John Jones,8614 Curry Ford Rd,Orlando,FL,32809
Robert Johnson,382 Kaley Ave,Orlando,FL,32803
Susan Williams,1950 S Bumby Ave,Orlando,FL,32803
James Martinez,9478 S Bumby Ave,Orlando,FL,32809
Susan Garcia,9311 W Colonial Dr,Orlando,FL,32805
Maria Williams,4480 Semoran Blvd,Orlando,FL,32809
James Jones,2754 Lake Underhill Rd,Orlando,FL,32803
David Williams,4557 W Church St,Orlando,FL,32806
Linda Jones,9981 N Orange Ave,Orlando,FL,32807
